Symbol,Instruction,Side,Price,Size,Sequence_id
RELIANCE,INSERT,B,2450.00,150,1
RELIANCE,INSERT,B,2449.50,300,2
RELIANCE,INSERT,B,2449.00,500,3
RELIANCE,INSERT,B,2448.50,250,4
RELIANCE,INSERT,B,2448.00,700,5
RELIANCE,INSERT,S,2450.50,200,6
RELIANCE,INSERT,S,2451.00,450,7
RELIANCE,INSERT,S,2451.50,600,8
RELIANCE,INSERT,S,2452.00,350,9
RELIANCE,INSERT,S,2452.50,800,10
RELIANCE,INSERT,B,2450.00,100,11
RELIANCE,INSERT,S,2450.50,150,12
RELIANCE,REMOVE,B,2448.00,0,13
RELIANCE,INSERT,B,2450.25,400,14
RELIANCE,INSERT,S,2450.75,250,15
TCS,INSERT,B,3520.00,100,16
TCS,INSERT,B,3519.00,250,17
TCS,INSERT,B,3518.50,400,18
TCS,INSERT,B,3517.00,600,19
TCS,INSERT,B,3516.50,350,20
TCS,INSERT,S,3521.00,180,21
TCS,INSERT,S,3521.50,320,22
TCS,INSERT,S,3522.00,500,23
TCS,INSERT,S,3523.00,210,24
TCS,INSERT,S,3524.00,750,25
TCS,INSERT,B,3520.50,150,26
TCS,REMOVE,S,3524.00,0,27
TCS,INSERT,S,3521.00,200,28
INFY,INSERT,B,1480.00,500,29
INFY,INSERT,B,1479.50,650,30
INFY,INSERT,B,1478.00,400,31
INFY,INSERT,B,1477.50,800,32
INFY,INSERT,B,1476.00,1200,33
INFY,INSERT,S,1480.50,300,34
INFY,INSERT,S,1481.00,450,35
INFY,INSERT,S,1482.00,700,36
INFY,INSERT,S,1482.50,250,37
INFY,INSERT,S,1483.00,900,38
INFY,INSERT,B,1480.00,250,39
INFY,REMOVE,B,1476.00,0,40
